First Name,Last Name,Email,Hof,Kursnummer
Bruce,Hawkins,b.hawkins@randatmail.com,A,4
Lenny,Wells,l.wells@randatmail.com,R,10
Catherine,Cameron,c.cameron@randatmail.com,A,4
Carlos,Reed,c.reed@randatmail.com,F,9
Jessica,Owens,j.owens@randatmail.com,M,3
Aida,Holmes,a.holmes@randatmail.com,J,6
Grace,Ryan,g.ryan@randatmail.com,F,5
Caroline,Edwards,c.edwards@randatmail.com,M,3
Lucia,Johnson,l.johnson@randatmail.com,M,3
Amelia,Hall,a.hall@randatmail.com,A,1
Adelaide,Harper,a.harper@randatmail.com,A,1
Nicole,Douglas,n.douglas@randatmail.com,F,5
Maria,Morgan,m.morgan@randatmail.com,R,10
Julian,Hunt,j.hunt@randatmail.com,M,2
Walter,Hill,w.hill@randatmail.com,R,8
Jessica,Montgomery,j.montgomery@randatmail.com,R,10
Camila,Thomas,c.thomas@randatmail.com,R,10
Anna,Andrews,a.andrews@randatmail.com,J,6
Alan,Allen,a.allen@randatmail.com,M,2
Martin,Morgan,m.morgan@randatmail.com,M,3
Eleanor,Barrett,e.barrett@randatmail.com,A,4
Edith,Armstrong,e.armstrong@randatmail.com,M,3
Roland,Morris,r.morris@randatmail.com,F,7
Richard,Thomas,r.thomas@randatmail.com,F,7
Penelope,Farrell,p.farrell@randatmail.com,F,5
Sawyer,Chapman,s.chapman@randatmail.com,M,2
Walter,Allen,w.allen@randatmail.com,F,9
William,Carter,w.carter@randatmail.com,M,3
Derek,Barnes,d.barnes@randatmail.com,A,1
Owen,Rogers,o.rogers@randatmail.com,A,1
Derek,Davis,d.davis@randatmail.com,A,1
Max,Scott,m.scott@randatmail.com,F,7
Ryan,Casey,r.casey@randatmail.com,R,8
Elian,Campbell,e.campbell@randatmail.com,A,4
Anna,Hunt,a.hunt@randatmail.com,A,1
Edwin,Jones,e.jones@randatmail.com,J,6
Kelvin,Grant,k.grant@randatmail.com,M,3
Miley,Ryan,m.ryan@randatmail.com,R,8
Aston,Morris,a.morris@randatmail.com,F,5
William,Morris,w.morris@randatmail.com,F,9
Ashton,Evans,a.evans@randatmail.com,R,10
Abigail,Allen,a.allen@randatmail.com,J,6
Michelle,Hunt,m.hunt@randatmail.com,A,1
Walter,Higgins,w.higgins@randatmail.com,A,1
Alissa,Anderson,a.anderson@randatmail.com,A,1
Madaline,Moore,m.moore@randatmail.com,R,10
Oscar,Chapman,o.chapman@randatmail.com,R,10
Albert,Taylor,a.taylor@randatmail.com,R,8
Dale,Hill,d.hill@randatmail.com,F,5
Lucia,Wells,l.wells@randatmail.com,A,4
Adele,Riley,a.riley@randatmail.com,F,9
Kellan,Allen,k.allen@randatmail.com,J,6
Anna,Rogers,a.rogers@randatmail.com,M,3
Brad,Douglas,b.douglas@randatmail.com,R,8
Kirsten,Barrett,k.barrett@randatmail.com,F,7
Chloe,Andrews,c.andrews@randatmail.com,R,8
Owen,Williams,o.williams@randatmail.com,F,7
Evelyn,Kelley,e.kelley@randatmail.com,F,9
Maximilian,Sullivan,m.sullivan@randatmail.com,J,6
Steven,Cooper,s.cooper@randatmail.com,A,4
Garry,Fowler,g.fowler@randatmail.com,J,6
Ellia,Hamilton,e.hamilton@randatmail.com,R,10
Alissa,Parker,a.parker@randatmail.com,J,6
Dexter,Wilson,d.wilson@randatmail.com,R,10
Fenton,Hall,f.hall@randatmail.com,M,3
April,Cunningham,a.cunningham@randatmail.com,M,2
Sarah,Thompson,s.thompson@randatmail.com,A,1
Kelsey,Riley,k.riley@randatmail.com,F,9
Alisa,Armstrong,a.armstrong@randatmail.com,M,2
Melanie,Craig,m.craig@randatmail.com,A,4
Lydia,Stewart,l.stewart@randatmail.com,R,10
Hailey,Hunt,h.hunt@randatmail.com,A,1
Kelsey,Nelson,k.nelson@randatmail.com,F,5
Lily,Williams,l.williams@randatmail.com,M,3
Kellan,Wright,k.wright@randatmail.com,R,10
Miller,Phillips,m.phillips@randatmail.com,M,3
Samantha,Higgins,s.higgins@randatmail.com,F,7
Jack,Barnes,j.barnes@randatmail.com,A,1
Richard,Alexander,r.alexander@randatmail.com,R,10
Alissa,Harrison,a.harrison@randatmail.com,F,7
Antony,Alexander,a.alexander@randatmail.com,J,6
George,Evans,g.evans@randatmail.com,R,10
Grace,Murphy,g.murphy@randatmail.com,J,6
Leonardo,Anderson,l.anderson@randatmail.com,M,2
Blake,Wells,b.wells@randatmail.com,J,6
Grace,Dixon,g.dixon@randatmail.com,R,8
Rubie,Cooper,r.cooper@randatmail.com,F,9
Justin,Baker,j.baker@randatmail.com,F,7
Byron,Cole,b.cole@randatmail.com,A,4
Charlie,Anderson,c.anderson@randatmail.com,F,9
Tess,Howard,t.howard@randatmail.com,A,4
Abraham,Baker,a.baker@randatmail.com,M,2
Lily,Cole,l.cole@randatmail.com,R,8
Ellia,Stewart,e.stewart@randatmail.com,M,2
Alan,Stewart,a.stewart@randatmail.com,A,1
Alexia,Smith,a.smith@randatmail.com,F,9
Antony,Hill,a.hill@randatmail.com,F,9
Belinda,Jones,b.jones@randatmail.com,F,7
Edward,Barnes,e.barnes@randatmail.com,A,4
George,Nelson,g.nelson@randatmail.com,R,8
Alexander,Bennett,a.bennett@randatmail.com,F,9
Heather,Edwards,h.edwards@randatmail.com,M,3
Jessica,Stevens,j.stevens@randatmail.com,A,4
Jasmine,Taylor,j.taylor@randatmail.com,A,4
Savana,Craig,s.craig@randatmail.com,A,1
Edith,Hunt,e.hunt@randatmail.com,M,2
Harold,Fowler,h.fowler@randatmail.com,M,3
Victoria,Grant,v.grant@randatmail.com,F,9
Carlos,Ellis,c.ellis@randatmail.com,J,6
Penelope,Taylor,p.taylor@randatmail.com,M,2
Brooke,Scott,b.scott@randatmail.com,M,2
Valeria,Howard,v.howard@randatmail.com,F,9
Owen,Kelly,o.kelly@randatmail.com,F,5
Tara,Hall,t.hall@randatmail.com,A,1
Steven,Evans,s.evans@randatmail.com,R,10
Antony,Fowler,a.fowler@randatmail.com,R,8
Audrey,Rogers,a.rogers@randatmail.com,M,3
Sabrina,Crawford,s.crawford@randatmail.com,A,1
Heather,Craig,h.craig@randatmail.com,F,7
Lana,Mason,l.mason@randatmail.com,J,6
Aiden,Carter,a.carter@randatmail.com,F,7
John,Casey,j.casey@randatmail.com,F,5
Maria,Dixon,m.dixon@randatmail.com,M,2
Darcy,Brooks,d.brooks@randatmail.com,F,5
Sarah,Gray,s.gray@randatmail.com,A,4
Paul,Ryan,p.ryan@randatmail.com,F,9
Ashton,Allen,a.allen@randatmail.com,J,6
April,Sullivan,a.sullivan@randatmail.com,J,6
Adelaide,Montgomery,a.montgomery@randatmail.com,M,3
Thomas,Farrell,t.farrell@randatmail.com,A,4
Alissa,Richards,a.richards@randatmail.com,F,9
Alexia,Parker,a.parker@randatmail.com,M,3
Ted,Thomas,t.thomas@randatmail.com,F,9
Emily,Andrews,e.andrews@randatmail.com,M,2
Marcus,Reed,m.reed@randatmail.com,R,8
Preston,Wilson,p.wilson@randatmail.com,F,7
Annabella,Clark,a.clark@randatmail.com,M,3
Jessica,Roberts,j.roberts@randatmail.com,F,7
Tara,Cole,t.cole@randatmail.com,M,3
Valeria,Cunningham,v.cunningham@randatmail.com,A,1
Nicholas,Richards,n.richards@randatmail.com,F,9
Alberta,Farrell,a.farrell@randatmail.com,M,2
Kelvin,Brooks,k.brooks@randatmail.com,A,1
Brooke,Brooks,b.brooks@randatmail.com,F,7
Aston,Miller,a.miller@randatmail.com,M,3
Ashton,Wilson,a.wilson@randatmail.com,A,1
Dale,Perkins,d.perkins@randatmail.com,J,6
Nicole,Lloyd,n.lloyd@randatmail.com,A,4
Owen,Andrews,o.andrews@randatmail.com,M,2
Owen,Russell,o.russell@randatmail.com,M,2
Wilson,Russell,w.russell@randatmail.com,F,9
Thomas,Cole,t.cole@randatmail.com,A,1
Rafael,Tucker,r.tucker@randatmail.com,J,6
Mary,Craig,m.craig@randatmail.com,J,6
Carl,Barrett,c.barrett@randatmail.com,A,1
Alisa,Tucker,a.tucker@randatmail.com,A,1
Arthur,Myers,a.myers@randatmail.com,M,3
George,Gibson,g.gibson@randatmail.com,R,10
Preston,Spencer,p.spencer@randatmail.com,M,2
Paul,Taylor,p.taylor@randatmail.com,R,8
Stuart,Williams,s.williams@randatmail.com,F,9
Arnold,Moore,a.moore@randatmail.com,F,7
Freddie,Cole,f.cole@randatmail.com,F,9
Stella,Parker,s.parker@randatmail.com,F,5
Chelsea,Adams,c.adams@randatmail.com,A,4
Edwin,Sullivan,e.sullivan@randatmail.com,M,3
Adison,Richards,a.richards@randatmail.com,J,6
Paul,Clark,p.clark@randatmail.com,F,9
Lilianna,Chapman,l.chapman@randatmail.com,A,4
Albert,Williams,a.williams@randatmail.com,R,8
Madaline,Perkins,m.perkins@randatmail.com,R,8
Emily,Barnes,e.barnes@randatmail.com,F,9
Mike,Harris,m.harris@randatmail.com,A,1
Kristian,Carroll,k.carroll@randatmail.com,A,1
Eric,Reed,e.reed@randatmail.com,A,4
Freddie,Montgomery,f.montgomery@randatmail.com,R,10
Camila,Edwards,c.edwards@randatmail.com,M,3
Ryan,Nelson,r.nelson@randatmail.com,J,6
Emma,Crawford,e.crawford@randatmail.com,R,8
Caroline,Henderson,c.henderson@randatmail.com,M,2
Richard,Bailey,r.bailey@randatmail.com,M,3
Kristian,Kelley,k.kelley@randatmail.com,R,8
Henry,Morris,h.morris@randatmail.com,A,4
Annabella,Crawford,a.crawford@randatmail.com,A,4
Amber,Ross,a.ross@randatmail.com,F,9
Sawyer,Morris,s.morris@randatmail.com,A,1
Walter,Henderson,w.henderson@randatmail.com,A,4
Adrianna,Adams,a.adams@randatmail.com,A,1
Leonardo,Williams,l.williams@randatmail.com,F,5
Harold,Parker,h.parker@randatmail.com,M,3
Julian,Rogers,j.rogers@randatmail.com,M,2
Spike,Murphy,s.murphy@randatmail.com,F,9
Fiona,Casey,f.casey@randatmail.com,M,2
Mike,Andrews,m.andrews@randatmail.com,M,3
Amelia,Armstrong,a.armstrong@randatmail.com,M,2
Joyce,Casey,j.casey@randatmail.com,M,3
Alissa,Wilson,a.wilson@randatmail.com,J,6
Madaline,Gray,m.gray@randatmail.com,A,4
Leonardo,Mason,l.mason@randatmail.com,R,8
Elise,Smith,e.smith@randatmail.com,M,2
Elise,Russell,e.russell@randatmail.com,R,10
Walter,Parker,w.parker@randatmail.com,F,5
Alexia,Grant,a.grant@randatmail.com,F,5
Carina,Foster,c.foster@randatmail.com,R,10
Preston,Baker,p.baker@randatmail.com,F,9
Tara,Robinson,t.robinson@randatmail.com,F,5
Gianna,Williams,g.williams@randatmail.com,F,7
Mary,Harper,m.harper@randatmail.com,M,3
Marcus,Anderson,m.anderson@randatmail.com,F,5
Adrian,Payne,a.payne@randatmail.com,M,3
Marcus,Spencer,m.spencer@randatmail.com,R,10
Eddy,Scott,e.scott@randatmail.com,A,1
Edward,Scott,e.scott@randatmail.com,F,7
Byron,Ferguson,b.ferguson@randatmail.com,R,10
Naomi,Harrison,n.harrison@randatmail.com,R,10
Melanie,Martin,m.martin@randatmail.com,M,2
Jasmine,Murphy,j.murphy@randatmail.com,R,10
Garry,Howard,g.howard@randatmail.com,J,6
Preston,Johnson,p.johnson@randatmail.com,F,9
Stuart,Howard,s.howard@randatmail.com,R,8
Ned,Armstrong,n.armstrong@randatmail.com,M,3
Dale,Bennett,d.bennett@randatmail.com,A,1
Derek,Elliott,d.elliott@randatmail.com,F,9
Edwin,Hill,e.hill@randatmail.com,J,6
Dale,Wright,d.wright@randatmail.com,M,2
Violet,Lloyd,v.lloyd@randatmail.com,M,3
Reid,Jones,r.jones@randatmail.com,A,4
Olivia,Cooper,o.cooper@randatmail.com,F,7
Blake,Nelson,b.nelson@randatmail.com,R,8
Rebecca,Clark,r.clark@randatmail.com,A,4
Alan,Walker,a.walker@randatmail.com,J,6
Anna,Walker,a.walker@randatmail.com,A,4
Aida,Thompson,a.thompson@randatmail.com,R,8
Alan,Ellis,a.ellis@randatmail.com,A,1
Isabella,Wells,i.wells@randatmail.com,R,8
Madaline,Campbell,m.campbell@randatmail.com,F,7
Cadie,Allen,c.allen@randatmail.com,R,10
Robert,Riley,r.riley@randatmail.com,A,1
Fenton,Russell,f.russell@randatmail.com,F,5
Leonardo,Mitchell,l.mitchell@randatmail.com,A,1
David,Cunningham,d.cunningham@randatmail.com,M,3
Oliver,Sullivan,o.sullivan@randatmail.com,A,1
Jordan,Spencer,j.spencer@randatmail.com,A,4
Amy,Miller,a.miller@randatmail.com,M,2
April,Carter,a.carter@randatmail.com,A,4
Victor,Ellis,v.ellis@randatmail.com,M,2
Jack,Richardson,j.richardson@randatmail.com,F,9
Aida,Riley,a.riley@randatmail.com,M,2
Tess,Cooper,t.cooper@randatmail.com,J,6
Spike,Adams,s.adams@randatmail.com,A,4
Daniel,Roberts,d.roberts@randatmail.com,F,7
Belinda,Miller,b.miller@randatmail.com,A,4
Max,Barrett,m.barrett@randatmail.com,R,10
Kirsten,Spencer,k.spencer@randatmail.com,J,6
Alina,Harrison,a.harrison@randatmail.com,A,1
Robert,Carter,r.carter@randatmail.com,M,2
Cherry,Brooks,c.brooks@randatmail.com,M,3
Brianna,Hawkins,b.hawkins@randatmail.com,M,2
Cadie,Harper,c.harper@randatmail.com,F,7
Evelyn,Brooks,e.brooks@randatmail.com,R,8
John,Miller,j.miller@randatmail.com,M,3
Cadie,Miller,c.miller@randatmail.com,R,10
Miley,Perkins,m.perkins@randatmail.com,M,2
Jenna,Armstrong,j.armstrong@randatmail.com,A,1
Dexter,Jones,d.jones@randatmail.com,M,3
Jared,Turner,j.turner@randatmail.com,A,4
Alford,Montgomery,a.montgomery@randatmail.com,M,2
Rosie,Phillips,r.phillips@randatmail.com,F,5
Oliver,Brown,o.brown@randatmail.com,R,10
Garry,Foster,g.foster@randatmail.com,M,3
Connie,Adams,c.adams@randatmail.com,A,4
Ada,Wells,a.wells@randatmail.com,M,3
Oscar,Morris,o.morris@randatmail.com,F,5
Brooke,Nelson,b.nelson@randatmail.com,F,5
Valeria,Kelly,v.kelly@randatmail.com,R,8
Kevin,Brown,k.brown@randatmail.com,M,2
Owen,Hawkins,o.hawkins@randatmail.com,R,10
Julian,Chapman,j.chapman@randatmail.com,J,6
Rosie,Wells,r.wells@randatmail.com,F,7
Sam,Harrison,s.harrison@randatmail.com,A,4
